2024-12-01 01:39:05,2,https://res.cloudinary.com/dbaacvp3e/image/upload/v1732997345/igrx91mwrpnke8ldceit.png
2024-12-01 01:39:17,2,https://res.cloudinary.com/dbaacvp3e/image/upload/v1732997357/ifjizsaf6oxgfgoyibmh.png
2024-12-01 01:41:53,2,https://res.cloudinary.com/dbaacvp3e/image/upload/v1732997512/vy54ftpplakhlfhxoxwp.png
2024-12-01 01:50:29,afraz,https://res.cloudinary.com/dbaacvp3e/image/upload/v1732998029/mb5xincv4mdhi0i6pgjt.png
2024-12-01 01:50:41,afraz,https://res.cloudinary.com/dbaacvp3e/image/upload/v1732998041/y5mooezqxxj8xunlakx8.png
2024-12-01 02:06:36,afraz,https://res.cloudinary.com/dbaacvp3e/image/upload/v1732998995/uabjmajyprywqr3hbol7.png
2024-12-01 02:38:03,afraz,https://res.cloudinary.com/dbaacvp3e/image/upload/v1733000882/eiobzsn1ktjoyyrdevsf.png
2024-12-01 02:38:44,afraz,https://res.cloudinary.com/dbaacvp3e/image/upload/v1733000924/sdtdcbcnims2ec6hjnk7.png
2024-12-01 12:34:41,1,https://res.cloudinary.com/dbaacvp3e/image/upload/v1733036681/c6fvwvs84m7iuhvaaor6.png
2024-12-01 13:27:35,1,https://res.cloudinary.com/dbaacvp3e/image/upload/v1733039855/e9nvphsirwjuuglhqrk6.png
2024-12-01 16:13:05,Bhandup,https://res.cloudinary.com/dbaacvp3e/image/upload/v1733049788/hlvj9hk6vur1wtxt9a6h.png
2024-12-01 16:13:51,Bhandup,https://res.cloudinary.com/dbaacvp3e/image/upload/v1733049833/swsajv5op3vi7cyvcv1w.png
2024-12-01 16:14:50,Bhandup,https://res.cloudinary.com/dbaacvp3e/image/upload/v1733049893/ixgqxroey6b6l4wjjken.png
2024-12-04 13:41:41,bhandup,https://res.cloudinary.com/dbaacvp3e/image/upload/v1733299900/ogy8okr9zkv3m4vjyaym.png
2024-12-04 14:12:12,VIT,https://res.cloudinary.com/dbaacvp3e/image/upload/v1733301731/xwggc2uttrmea6ggak6z.png
2024-12-04 14:12:50,VIT,https://res.cloudinary.com/dbaacvp3e/image/upload/v1733301769/qxgjtfepyqmb2rab1vca.png
2024-12-04 14:17:44,room,https://res.cloudinary.com/dbaacvp3e/image/upload/v1733302062/iqu7ncvfjchk7cko5dxs.png
2024-12-04 14:18:13,room,https://res.cloudinary.com/dbaacvp3e/image/upload/v1733302092/s8jcw9ohrs6kzvq6ajyc.png
2024-12-04 14:18:26,room,https://res.cloudinary.com/dbaacvp3e/image/upload/v1733302104/lvvlyzjjgo9qbipljuxb.png
2024-12-04 15:01:54,vidyalankar,https://res.cloudinary.com/dbaacvp3e/image/upload/v1733304710/hdjmt2fqqmgjjexiqtqs.png
2024-12-04 15:16:30,vit,https://res.cloudinary.com/dbaacvp3e/image/upload/v1733305589/uhdk5gwtq2wkkqatlos5.png
2024-12-04 17:04:20,kqnchan,https://res.cloudinary.com/dbaacvp3e/image/upload/v1733312058/zj9usdrf4wqmwdug8uc4.png
2024-12-04 17:04:44,kqnchan,https://res.cloudinary.com/dbaacvp3e/image/upload/v1733312083/whcjt6hq7sjyt3uiper7.png
2024-12-04 18:49:46,test,https://res.cloudinary.com/dbaacvp3e/image/upload/v1733318385/vdl9kqpzqdstiobnyqqw.png
2024-12-04 18:51:16,test,https://res.cloudinary.com/dbaacvp3e/image/upload/v1733318476/cnvv0xagcm28jagswqfn.png
2024-12-04 18:51:59,test,https://res.cloudinary.com/dbaacvp3e/image/upload/v1733318517/udorjzyiize5pcbergno.png
2024-12-04 18:52:39,test,https://res.cloudinary.com/dbaacvp3e/image/upload/v1733318558/lcy08gmbpp58ojftjfhs.png
2024-12-04 19:51:12,test2,https://res.cloudinary.com/dbaacvp3e/image/upload/v1733322071/hnfa4tifrkrflmlwly4g.png
2024-12-04 19:51:54,test2,https://res.cloudinary.com/dbaacvp3e/image/upload/v1733322112/ecs8h4xcnuwroi97jtfp.png
2024-12-04 21:58:21,Unknown,https://res.cloudinary.com/dbaacvp3e/image/upload/v1733329701/zpgc1vdxmnbvlizafsy4.png
2024-12-04 23:32:56,room,https://res.cloudinary.com/dbaacvp3e/image/upload/v1733335361/mapqwziezks6ky0uxmby.png
2024-12-04 23:37:53,trialsos,https://res.cloudinary.com/dbaacvp3e/image/upload/v1733335670/gq6gcv4fhqfjspi4jw2x.png
2024-12-04 23:38:48,trialsos,https://res.cloudinary.com/dbaacvp3e/image/upload/v1733335728/bujqgnltktkhjx4oa7di.png
2024-12-05 00:41:36,wadala,https://res.cloudinary.com/dbaacvp3e/image/upload/v1733339496/egcu5tes2xslbxdcxoqm.png
2024-12-05 17:07:56,121,https://res.cloudinary.com/dbaacvp3e/image/upload/v1733398676/sneo9mlvytfmwxsif1zv.png
2024-12-05 20:05:57,Unknown,https://res.cloudinary.com/dbaacvp3e/image/upload/v1733409357/d0wcmsezku5ylwvvxpvv.png
2024-12-06 22:22:50,test,https://res.cloudinary.com/dbaacvp3e/image/upload/v1733503927/x5ns84toysipyisfhoj8.png
2024-12-06 22:44:49,testing,https://res.cloudinary.com/dbaacvp3e/image/upload/v1733505246/mxs8e611zxyegmfkucvg.png
2024-12-06 23:08:44,shahad,https://res.cloudinary.com/dbaacvp3e/image/upload/v1733506683/r0x6mukakl16wyim9kqg.png
2024-12-06 23:16:25,ui,https://res.cloudinary.com/dbaacvp3e/image/upload/v1733507143/xuerwymtln2tzaie4tn0.png
2024-12-12 00:29:05,adityaa,https://res.cloudinary.com/dbaacvp3e/image/upload/v1733943543/tku889zh6vrws9qsopzx.png
2024-12-12 01:52:47,adityaa,https://res.cloudinary.com/dbaacvp3e/image/upload/v1733948567/ac6ucin6ya4untwv8vkw.png
2025-01-31 12:07:32,Unknown,https://res.cloudinary.com/dbaacvp3e/image/upload/v1738305410/sugcqonqenpbtn9kbam0.png
2025-01-31 12:16:47,Unknown,https://res.cloudinary.com/dbaacvp3e/image/upload/v1738305965/mhyxs2cz7d8ibuuto5tn.png
2025-01-31 12:22:40,Unknown,https://res.cloudinary.com/dbaacvp3e/image/upload/v1738306317/vpffel3vmlzmnjlwzq0e.png
2025-01-31 12:23:55,Unknown,https://res.cloudinary.com/dbaacvp3e/image/upload/v1738306393/yquzqjgjyyfasrv87hwv.png
2025-01-31 12:39:15,Unknown,https://res.cloudinary.com/dbaacvp3e/image/upload/v1738307313/nkqj9hibreubhsoqbz1s.png
2025-01-31 13:13:14,Unknown,https://res.cloudinary.com/dbaacvp3e/image/upload/v1738309353/mquz0eb7dn93gwwgmjai.png
2025-01-31 13:13:14,Unknown,https://res.cloudinary.com/dbaacvp3e/image/upload/v1738309353/pcsxtu43kwg2fkvot4ll.png
2025-01-31 14:45:39,Unknown,https://res.cloudinary.com/dbaacvp3e/image/upload/v1738314897/gbgbrzmziipulav0htue.png
2025-01-31 17:01:31,Unknown,https://res.cloudinary.com/dbaacvp3e/image/upload/v1738323049/dzwx8sdrabnwnee7wwwj.png
2025-01-31 17:05:19,Unknown,https://res.cloudinary.com/dbaacvp3e/image/upload/v1738323277/bjmwjjffgwvgsxmoygpv.png
2025-01-31 17:08:46,Unknown,https://res.cloudinary.com/dbaacvp3e/image/upload/v1738323484/ovy5aaeymw80lsnkdkd2.png
2025-01-31 17:19:12,Unknown,https://res.cloudinary.com/dbaacvp3e/image/upload/v1738324111/qra1yumnekfq8ptxen1e.png
2025-02-15 01:30:39,Unknown,https://res.cloudinary.com/dbaacvp3e/image/upload/v1739563184/dpepsicr5c1kjhf2ccb3.png
2025-03-07 15:14:38,Unknown,https://res.cloudinary.com/dbaacvp3e/image/upload/v1741340609/hutucbp01qf34e1oktyz.png
2025-03-19 12:52:51,Unknown,https://res.cloudinary.com/dbaacvp3e/image/upload/v1742368891/bcsz5b9uvzjrs9jb0bny.png
2025-03-20 13:12:47,Unknown,https://res.cloudinary.com/dbaacvp3e/image/upload/v1742456486/atwh5pkxxnf41cdtlyma.png
2025-03-20 13:16:29,Unknown,https://res.cloudinary.com/dbaacvp3e/image/upload/v1742456708/c5lwqex2un747z55u6sb.png
2025-03-20 13:27:20,Unknown,https://res.cloudinary.com/dbaacvp3e/image/upload/v1742457358/ynlh3lgzkjfu1x9d7xmp.png
2025-03-20 13:44:23,Unknown,https://res.cloudinary.com/dbaacvp3e/image/upload/v1742458372/xqju8fdtn6dceqicv9np.png
2025-03-20 13:51:20,Unknown,https://res.cloudinary.com/dbaacvp3e/image/upload/v1742458799/rtvmj6pgkztvny23jpl0.png
2025-03-20 15:19:57,Unknown,https://res.cloudinary.com/dbaacvp3e/image/upload/v1742464116/evsa01ityflyd4gbqjwl.png
2025-03-20 15:21:17,Unknown,https://res.cloudinary.com/dbaacvp3e/image/upload/v1742464196/d3k5ejjrrznpumfgpzm9.png
2025-03-20 20:21:11,Unknown,https://res.cloudinary.com/dbaacvp3e/image/upload/v1742482269/gdo7xj75nzz3lcma0qda.png
2025-03-20 22:50:55,Unknown,https://res.cloudinary.com/dbaacvp3e/image/upload/v1742491253/lzgjcyogg5izh5mxv7ke.png
2025-03-21 01:29:58,Unknown,https://res.cloudinary.com/dbaacvp3e/image/upload/v1742500797/kfnnqkhmlw0mojo8vpqo.png
2025-03-21 01:30:26,Unknown,https://res.cloudinary.com/dbaacvp3e/image/upload/v1742500825/e16mcmrneetbblyroaku.png
2025-03-21 01:31:19,Unknown,https://res.cloudinary.com/dbaacvp3e/image/upload/v1742500878/crfchxkztvjxvtgwjlpm.png
2025-03-21 01:32:35,Unknown,https://res.cloudinary.com/dbaacvp3e/image/upload/v1742500953/lapepfydozl9adgs0hia.png
2025-03-21 01:32:47,Unknown,https://res.cloudinary.com/dbaacvp3e/image/upload/v1742500965/xslwgwi3wvqhigeapzsz.png
2025-03-21 01:33:00,Unknown,https://res.cloudinary.com/dbaacvp3e/image/upload/v1742500977/ds9halwtvs0ndtzllaup.png
2025-03-21 01:33:13,Unknown,https://res.cloudinary.com/dbaacvp3e/image/upload/v1742500992/ttdr7qliuo38k6mxch96.png
2025-03-21 01:33:25,Unknown,https://res.cloudinary.com/dbaacvp3e/image/upload/v1742501004/wvo0gmxliw26luv6yuji.png
2025-03-21 01:33:39,Unknown,https://res.cloudinary.com/dbaacvp3e/image/upload/v1742501017/slwlr8fisjzxvgdscvsc.png
2025-03-21 01:33:54,Unknown,https://res.cloudinary.com/dbaacvp3e/image/upload/v1742501033/vdw5qfccktc9qn5oh7rb.png
2025-03-21 01:34:06,Unknown,https://res.cloudinary.com/dbaacvp3e/image/upload/v1742501044/h5iblgqld4egtvvrubjd.png
2025-03-21 01:34:18,Unknown,https://res.cloudinary.com/dbaacvp3e/image/upload/v1742501056/jblysu1tkbebejapaf8l.png
2025-03-21 01:34:46,Unknown,https://res.cloudinary.com/dbaacvp3e/image/upload/v1742501084/b79f6qcy2b5mj7egfblz.png
2025-03-21 01:34:57,Unknown,https://res.cloudinary.com/dbaacvp3e/image/upload/v1742501096/ofilsobdgfzccg9rxyjt.png
2025-03-21 01:35:12,Unknown,https://res.cloudinary.com/dbaacvp3e/image/upload/v1742501111/zvk6vnuhfhw3rrp2rsfs.png
2025-03-21 01:35:24,Unknown,https://res.cloudinary.com/dbaacvp3e/image/upload/v1742501122/trltmp5bwyott22xwmj7.png
2025-03-21 01:36:17,Unknown,https://res.cloudinary.com/dbaacvp3e/image/upload/v1742501175/kg48gmk1sjtuwt33uvws.png
2025-03-21 01:36:28,Unknown,https://res.cloudinary.com/dbaacvp3e/image/upload/v1742501187/jq48vw69btv695eeifvq.png
2025-03-21 01:36:50,Unknown,https://res.cloudinary.com/dbaacvp3e/image/upload/v1742501208/hgkbb9xj5ywzivxgp6yr.png
2025-03-21 01:45:07,Unknown,https://res.cloudinary.com/dbaacvp3e/image/upload/v1742501706/pcuahyem8m6no6bnxk65.png
2025-03-21 01:45:55,Unknown,https://res.cloudinary.com/dbaacvp3e/image/upload/v1742501752/tcdnpdgbxepyinwoancg.png
2025-03-21 01:55:22,Unknown,https://res.cloudinary.com/dbaacvp3e/image/upload/v1742502320/v0vjol1vx3xe6vro2wws.png
2025-03-21 01:56:17,Unknown,https://res.cloudinary.com/dbaacvp3e/image/upload/v1742502376/e2zkwg12pvm004wv6gv5.png
2025-03-21 01:56:45,Unknown,https://res.cloudinary.com/dbaacvp3e/image/upload/v1742502404/hh9uzepsdgq2lu9k62d1.png
2025-03-21 05:50:07,Unknown,https://res.cloudinary.com/dbaacvp3e/image/upload/v1742516403/n3ucvmvclm6ylfveg6vi.png
2025-03-21 09:29:02,vit,https://res.cloudinary.com/dbaacvp3e/image/upload/v1742529539/jkocio6onlkwcrgmff8m.png
2025-03-21 09:47:18,vit,https://res.cloudinary.com/dbaacvp3e/image/upload/v1742530637/rznmivedetzgldnornua.png
2025-03-21 09:53:21,vit,https://res.cloudinary.com/dbaacvp3e/image/upload/v1742530999/laexwde4z7pwws38gape.png
2025-03-21 09:57:32,vit,https://res.cloudinary.com/dbaacvp3e/image/upload/v1742531250/igjwlroe9hu4bvejofdc.png
2025-03-21 10:04:24,vit,https://res.cloudinary.com/dbaacvp3e/image/upload/v1742531662/fhc9zoyeubluizsgj8ws.png
2025-03-21 10:04:57,vit,https://res.cloudinary.com/dbaacvp3e/image/upload/v1742531695/i61myjrxjw8emk74bp93.png
2025-03-21 10:05:27,vit,https://res.cloudinary.com/dbaacvp3e/image/upload/v1742531725/vmfmjlwrcgzjqigfzz5q.png
2025-03-21 10:06:03,vit,https://res.cloudinary.com/dbaacvp3e/image/upload/v1742531761/obque6ff5oi2pphnpteu.png
2025-03-21 10:06:28,vit,https://res.cloudinary.com/dbaacvp3e/image/upload/v1742531786/yk0jzqwqqwxswmalm4nm.png
2025-03-21 11:19:43,qc,https://res.cloudinary.com/dbaacvp3e/image/upload/v1742536182/jdpgkgkoyq95xmcgmdeq.png
2025-03-21 11:41:26,thg,https://res.cloudinary.com/dbaacvp3e/image/upload/v1742537485/w1flsfhysemckgj1s1c3.png
2025-03-21 11:41:54,thg,https://res.cloudinary.com/dbaacvp3e/image/upload/v1742537513/yxrbzm4wfryov9ensa1g.png
2025-03-21 11:56:47,block b,https://res.cloudinary.com/dbaacvp3e/image/upload/v1742538406/l4ysjv9vqkdvlhtcvtgu.png
2025-03-21 12:00:25,block b,https://res.cloudinary.com/dbaacvp3e/image/upload/v1742538625/pelguxpdfiogevt5jc9m.png
2025-03-21 12:01:48,block b,https://res.cloudinary.com/dbaacvp3e/image/upload/v1742538707/nvomuybt8gvrh7ctygsm.png
2025-03-21 12:02:12,block b,https://res.cloudinary.com/dbaacvp3e/image/upload/v1742538731/sezfrsner7pz8ryy3mrd.png
2025-03-21 12:02:25,block b,https://res.cloudinary.com/dbaacvp3e/image/upload/v1742538744/xczcdix50r8jopxuwhnk.png
2025-03-21 12:03:35,block b,https://res.cloudinary.com/dbaacvp3e/image/upload/v1742538814/uog6cqrxdnsypsbnvga9.png
2026-07-26 13:09:33,Sarita,https://res.cloudinary.com/dbaacvp3e/image/upload/v1785051554/u8x6lbjbfspnxyqibnvt.png
2026-07-26 13:09:35,tetsting,https://res.cloudinary.com/dbaacvp3e/image/upload/v1785051556/jdoyu8tzf5ot7rkrkt3n.png
2026-07-26 13:10:40,Sarita,https://res.cloudinary.com/dbaacvp3e/image/upload/v1785051620/yaqw1h44xiqljqvrmvz7.png
2026-07-26 13:10:40,tetsting,https://res.cloudinary.com/dbaacvp3e/image/upload/v1785051620/xhhywmzv21gmrngg7vho.png
2026-07-26 13:36:49,Arun,https://res.cloudinary.com/x9hvkwqw/image/upload/v1785053189/rhmofceovbtezy04tszo.png
2026-07-26 13:37:12,tetsting,https://res.cloudinary.com/dbaacvp3e/image/upload/v1785053212/x5x3qkomd1r11jsxruvw.png
2026-07-26 13:37:34,Arun,https://res.cloudinary.com/x9hvkwqw/image/upload/v1785053234/zc9wkrtwsorakubevwzx.png
2026-07-26 13:37:49,tetsting,https://res.cloudinary.com/dbaacvp3e/image/upload/v1785053249/mppelmdc5jmyjsedcyqr.png
2026-07-26 13:38:54,Arun,https://res.cloudinary.com/x9hvkwqw/image/upload/v1785053315/ykbo6zq0drbos4osopfp.png
2026-07-26 13:39:52,Arun,https://res.cloudinary.com/x9hvkwqw/image/upload/v1785053373/sn092ujtyzdz2fw7mg4o.png
2026-07-26 13:41:22,tetsting,https://res.cloudinary.com/dbaacvp3e/image/upload/v1785053463/ann4hojdmzdfetkqjfhq.png
2026-07-26 13:41:25,Arun,https://res.cloudinary.com/x9hvkwqw/image/upload/v1785053465/jikjbefrquscoibokvpr.png
2026-07-26 13:50:51,Baba,https://res.cloudinary.com/x9hvkwqw/image/upload/v1785054031/fmoe3ff1xfwkbblrx8qq.png
2026-07-26 13:51:24,Baba,https://res.cloudinary.com/x9hvkwqw/image/upload/v1785054065/xmukqtyeg8mmcb0rxu9q.png
2026-07-26 13:52:21,Baba,https://res.cloudinary.com/x9hvkwqw/image/upload/v1785054122/gbsmbh6dyuialjselmy6.png
2026-07-26 14:00:49,ana,https://res.cloudinary.com/x9hvkwqw/image/upload/v1785054630/prjd68vcqn9cgdwbcm1l.png
2026-07-26 14:01:31,ana,https://res.cloudinary.com/x9hvkwqw/image/upload/v1785054671/jm4wrazrp6iqpjp2bl8n.png
2026-07-26 14:02:02,ana,https://res.cloudinary.com/x9hvkwqw/image/upload/v1785054701/fnau0yrdr4aqycgrahy2.png
2026-07-26 14:02:19,ana,https://res.cloudinary.com/x9hvkwqw/image/upload/v1785054720/jftlm3fxetqfovj2mpun.png
2026-07-26 15:02:37,Alll,https://res.cloudinary.com/x9hvkwqw/image/upload/v1785058337/kyvebngp2czbfhx0ibcr.png
2026-07-26 15:03:33,Alll,https://res.cloudinary.com/x9hvkwqw/image/upload/v1785058393/rwirkmjtiljzahjgf9dw.png
